Metric,Small,Large
mean Average Precision at 100,5.67253536879439E-05,5.14401008266168E-07
mean Average Precision,3.48601097682935E-05,3.36479183532397E-07
Precision at 100,0.0012765957446808500,3.19520228088286E-06